Sample_ID,Year,Month,Species,Rotation,Nitrogen,Fraction,Block,Rep,ASV_counts,unique_ASVs,Shannon,,,,,,,,,,,,,,,,,,
USDA_121,2017,Jun,Soybean,rotated,Low_N,Endosphere,1,1,21980,67,3.732249615,,,,,,,,,,,,,,,,,,
USDA_122,2017,Jun,Soybean,rotated,Low_N,Endosphere,1,2,23496,38,3.523726221,,,,,,,,,,,,,,,,,,
USDA_123,2017,Jun,Soybean,rotated,Std_N,Endosphere,1,1,407,16,2.618944397,,,,,,,,,,,,,,,,,,
USDA_124,2017,Jun,Soybean,rotated,Std_N,Endosphere,1,2,5318,37,3.544919052,,,,,,,,,,,,,,,,,,
USDA_125,2017,Jun,Soybean,continuous,Low_N,Endosphere,1,1,11206,39,3.546217832,,,,,,,,,,,,,,,,,,
USDA_126,2017,Jun,Soybean,continuous,Low_N,Endosphere,1,2,83,1,0,,,,,,,,,,,,,,,,,,
USDA_127,2017,Jun,Soybean,continuous,Std_N,Endosphere,1,1,11501,43,3.598907747,,,,,,,,,,,,,,,,,,
USDA_128,2017,Jun,Soybean,continuous,Std_N,Endosphere,1,2,10257,39,3.534591574,,,,,,,,,,,,,,,,,,
USDA_129,2017,Jun,Corn,rotated,Low_N,Endosphere,1,1,721,26,3.115994048,,,,,,,,,,,,,,,,,,
USDA_130,2017,Jun,Corn,rotated,Low_N,Endosphere,1,2,983,30,3.234677844,,,,,,,,,,,,,,,,,,
USDA_131,2017,Jun,Corn,rotated,Std_N,Endosphere,1,1,739,25,3.017618804,,,,,,,,,,,,,,,,,,
USDA_132,2017,Jun,Corn,rotated,Std_N,Endosphere,1,2,297,9,2.081490709,,,,,,,,,,,,,,,,,,
USDA_137,2017,Jun,Corn,continuous,Low_N,Endosphere,1,1,870,24,3.066352947,,,,,,,,,,,,,,,,,,
USDA_138,2017,Jun,Corn,continuous,Low_N,Endosphere,1,2,449,17,2.691246835,,,,,,,,,,,,,,,,,,
USDA_139,2017,Jun,Corn,continuous,Std_N,Endosphere,1,1,204,7,1.634424291,,,,,,,,,,,,,,,,,,
USDA_140,2017,Jun,Corn,continuous,Std_N,Endosphere,1,2,1064,37,3.510780524,,,,,,,,,,,,,,,,,,
USDA_141,2017,Jun,Corn,rotated,Low_N,Endosphere,2,1,245,9,2.028591742,,,,,,,,,,,,,,,,,,
USDA_142,2017,Jun,Corn,rotated,Low_N,Endosphere,2,2,42,3,0.982900728,,,,,,,,,,,,,,,,,,
USDA_143,2017,Jun,Corn,rotated,Std_N,Endosphere,2,1,2284,69,4.083671721,,,,,,,,,,,,,,,,,,
USDA_144,2017,Jun,Corn,rotated,Std_N,Endosphere,2,2,2340,39,3.518432428,,,,,,,,,,,,,,,,,,
USDA_149,2017,Jun,Corn,continuous,Low_N,Endosphere,2,1,33,1,0,,,,,,,,,,,,,,,,,,
USDA_150,2017,Jun,Corn,continuous,Low_N,Endosphere,2,2,95,3,0.991050285,,,,,,,,,,,,,,,,,,
USDA_151,2017,Jun,Corn,continuous,Std_N,Endosphere,2,1,54,1,0,,,,,,,,,,,,,,,,,,
USDA_152,2017,Jun,Corn,continuous,Std_N,Endosphere,2,2,120,8,1.86806678,,,,,,,,,,,,,,,,,,
USDA_153,2017,Jun,Soybean,rotated,Low_N,Endosphere,2,1,9259,68,3.888202216,,,,,,,,,,,,,,,,,,
USDA_154,2017,Jun,Soybean,rotated,Low_N,Endosphere,2,2,0,0,0,,,,,,,,,,,,,,,,,,
USDA_155,2017,Jun,Soybean,rotated,Std_N,Endosphere,2,1,11764,79,4.127604761,,,,,,,,,,,,,,,,,,
USDA_156,2017,Jun,Soybean,rotated,Std_N,Endosphere,2,2,11488,68,4.128462805,,,,,,,,,,,,,,,,,,
USDA_157,2017,Jun,Soybean,continuous,Low_N,Endosphere,2,1,4947,37,3.524711433,,,,,,,,,,,,,,,,,,
USDA_158,2017,Jun,Soybean,continuous,Low_N,Endosphere,2,2,804,34,3.423907236,,,,,,,,,,,,,,,,,,
USDA_159,2017,Jun,Soybean,continuous,Std_N,Endosphere,2,1,441,13,2.399997508,,,,,,,,,,,,,,,,,,
USDA_160,2017,Jun,Soybean,continuous,Std_N,Endosphere,2,2,89,5,1.376739066,,,,,,,,,,,,,,,,,,
USDA_161,2017,Jun,Soybean,rotated,Low_N,Rhizosphere,1,1,15158,246,5.093653399,,,,,,,,,,,,,,,,,,
USDA_162,2017,Jun,Soybean,rotated,Low_N,Rhizosphere,1,2,11893,281,5.399640299,,,,,,,,,,,,,,,,,,
USDA_163,2017,Jun,Soybean,rotated,Std_N,Rhizosphere,1,1,8974,259,5.403113178,,,,,,,,,,,,,,,,,,
USDA_164,2017,Jun,Soybean,rotated,Std_N,Rhizosphere,1,2,8474,241,5.3764161,,,,,,,,,,,,,,,,,,
USDA_165,2017,Jun,Soybean,continuous,Low_N,Rhizosphere,1,1,1846,49,3.710400866,,,,,,,,,,,,,,,,,,
USDA_166,2017,Jun,Soybean,continuous,Low_N,Rhizosphere,1,2,6094,185,5.077963576,,,,,,,,,,,,,,,,,,
USDA_167,2017,Jun,Soybean,continuous,Std_N,Rhizosphere,1,1,5948,184,5.061339961,,,,,,,,,,,,,,,,,,
USDA_168,2017,Jun,Soybean,continuous,Std_N,Rhizosphere,1,2,7985,247,5.325811338,,,,,,,,,,,,,,,,,,
USDA_169,2017,Jun,Corn,rotated,Low_N,Rhizosphere,1,1,6379,183,5.072339434,,,,,,,,,,,,,,,,,,
USDA_170,2017,Jun,Corn,rotated,Low_N,Rhizosphere,1,2,8860,256,5.340188006,,,,,,,,,,,,,,,,,,
USDA_171,2017,Jun,Corn,rotated,Std_N,Rhizosphere,1,1,4424,101,4.478584464,,,,,,,,,,,,,,,,,,
USDA_172,2017,Jun,Corn,rotated,Std_N,Rhizosphere,1,2,3723,79,4.254541047,,,,,,,,,,,,,,,,,,
USDA_177,2017,Jun,Corn,continuous,Low_N,Rhizosphere,1,1,10892,243,5.315244277,,,,,,,,,,,,,,,,,,
USDA_178,2017,Jun,Corn,continuous,Low_N,Rhizosphere,1,2,9218,214,5.107491497,,,,,,,,,,,,,,,,,,
USDA_179,2017,Jun,Corn,continuous,Std_N,Rhizosphere,1,1,3803,128,4.716950892,,,,,,,,,,,,,,,,,,
USDA_180,2017,Jun,Corn,continuous,Std_N,Rhizosphere,1,2,8005,247,5.350600702,,,,,,,,,,,,,,,,,,
USDA_181,2017,Jun,Corn,rotated,Low_N,Rhizosphere,2,1,2675,70,4.086645852,,,,,,,,,,,,,,,,,,
USDA_182,2017,Jun,Corn,rotated,Low_N,Rhizosphere,2,2,3462,91,4.361264493,,,,,,,,,,,,,,,,,,
USDA_183,2017,Jun,Corn,rotated,Std_N,Rhizosphere,2,1,3663,102,4.465717651,,,,,,,,,,,,,,,,,,
USDA_184,2017,Jun,Corn,rotated,Std_N,Rhizosphere,2,2,8533,203,5.053784227,,,,,,,,,,,,,,,,,,
USDA_189,2017,Jun,Corn,continuous,Low_N,Rhizosphere,2,1,1893,53,3.828963148,,,,,,,,,,,,,,,,,,
USDA_190,2017,Jun,Corn,continuous,Low_N,Rhizosphere,2,2,2517,75,4.151983637,,,,,,,,,,,,,,,,,,
USDA_191,2017,Jun,Corn,continuous,Std_N,Rhizosphere,2,1,4169,110,4.548034683,,,,,,,,,,,,,,,,,,
USDA_192,2017,Jun,Corn,continuous,Std_N,Rhizosphere,2,2,5171,138,4.770760893,,,,,,,,,,,,,,,,,,
USDA_193,2017,Jun,Soybean,rotated,Low_N,Rhizosphere,2,1,7228,227,5.284745141,,,,,,,,,,,,,,,,,,
USDA_194,2017,Jun,Soybean,rotated,Low_N,Rhizosphere,2,2,8778,260,5.418864598,,,,,,,,,,,,,,,,,,
USDA_195,2017,Jun,Soybean,rotated,Std_N,Rhizosphere,2,1,8099,247,5.354672281,,,,,,,,,,,,,,,,,,
USDA_196,2017,Jun,Soybean,rotated,Std_N,Rhizosphere,2,2,7672,212,5.213076087,,,,,,,,,,,,,,,,,,
USDA_197,2017,Jun,Soybean,continuous,Low_N,Rhizosphere,2,1,2931,71,4.169765979,,,,,,,,,,,,,,,,,,
USDA_198,2017,Jun,Soybean,continuous,Low_N,Rhizosphere,2,2,5082,144,4.835866716,,,,,,,,,,,,,,,,,,
USDA_199,2017,Jun,Soybean,continuous,Std_N,Rhizosphere,2,1,5973,159,4.924838796,,,,,,,,,,,,,,,,,,
USDA_200,2017,Jun,Soybean,continuous,Std_N,Rhizosphere,2,2,3352,93,4.408872082,,,,,,,,,,,,,,,,,,
USDA_201,2017,Jun,Soybean,rotated,Low_N,Bulk Soil,1,1,3241,74,4.171521571,,,,,,,,,,,,,,,,,,
USDA_202,2017,Jun,Soybean,rotated,Low_N,Bulk Soil,1,2,4555,116,4.59884273,,,,,,,,,,,,,,,,,,
USDA_203,2017,Jun,Soybean,rotated,Std_N,Bulk Soil,1,1,3815,100,4.407372133,,,,,,,,,,,,,,,,,,
USDA_204,2017,Jun,Soybean,rotated,Std_N,Bulk Soil,1,2,3049,78,4.218226685,,,,,,,,,,,,,,,,,,
USDA_205,2017,Jun,Soybean,continuous,Low_N,Bulk Soil,1,1,512,13,2.432759318,,,,,,,,,,,,,,,,,,
USDA_206,2017,Jun,Soybean,continuous,Low_N,Bulk Soil,1,2,1292,38,3.442275162,,,,,,,,,,,,,,,,,,
USDA_207,2017,Jun,Soybean,continuous,Std_N,Bulk Soil,1,1,2831,77,4.174379298,,,,,,,,,,,,,,,,,,
USDA_208,2017,Jun,Soybean,continuous,Std_N,Bulk Soil,1,2,3664,92,4.364832264,,,,,,,,,,,,,,,,,,
USDA_209,2017,Jun,Corn,rotated,Low_N,Bulk Soil,1,1,5577,155,4.880942658,,,,,,,,,,,,,,,,,,
USDA_210,2017,Jun,Corn,rotated,Low_N,Bulk Soil,1,2,4600,112,4.526523,,,,,,,,,,,,,,,,,,
USDA_211,2017,Jun,Corn,rotated,Std_N,Bulk Soil,1,1,4139,126,4.609628597,,,,,,,,,,,,,,,,,,
USDA_212,2017,Jun,Corn,rotated,Std_N,Bulk Soil,1,2,7159,219,5.1872362,,,,,,,,,,,,,,,,,,
USDA_217,2017,Jun,Corn,continuous,Low_N,Bulk Soil,1,1,1772,41,3.534848404,,,,,,,,,,,,,,,,,,
USDA_218,2017,Jun,Corn,continuous,Low_N,Bulk Soil,1,2,1585,26,3.181818028,,,,,,,,,,,,,,,,,,
USDA_219,2017,Jun,Corn,continuous,Std_N,Bulk Soil,1,1,484,13,2.463949733,,,,,,,,,,,,,,,,,,
USDA_220,2017,Jun,Corn,continuous,Std_N,Bulk Soil,1,2,2003,46,3.723128591,,,,,,,,,,,,,,,,,,
USDA_221,2017,Jun,Corn,rotated,Low_N,Bulk Soil,2,1,2671,54,3.819625027,,,,,,,,,,,,,,,,,,
USDA_222,2017,Jun,Corn,rotated,Low_N,Bulk Soil,2,2,4297,117,4.527986378,,,,,,,,,,,,,,,,,,
USDA_223,2017,Jun,Corn,rotated,Std_N,Bulk Soil,2,1,3481,96,4.370959934,,,,,,,,,,,,,,,,,,
USDA_224,2017,Jun,Corn,rotated,Std_N,Bulk Soil,2,2,1829,44,3.589584453,,,,,,,,,,,,,,,,,,
USDA_229,2017,Jun,Corn,continuous,Low_N,Bulk Soil,2,1,2623,62,3.971037363,,,,,,,,,,,,,,,,,,
USDA_230,2017,Jun,Corn,continuous,Low_N,Bulk Soil,2,2,2831,79,4.137551407,,,,,,,,,,,,,,,,,,
USDA_231,2017,Jun,Corn,continuous,Std_N,Bulk Soil,2,1,2134,53,3.84069665,,,,,,,,,,,,,,,,,,
USDA_232,2017,Jun,Corn,continuous,Std_N,Bulk Soil,2,2,828,25,3.091731715,,,,,,,,,,,,,,,,,,
USDA_233,2017,Jun,Soybean,rotated,Low_N,Bulk Soil,2,1,4448,110,4.547501084,,,,,,,,,,,,,,,,,,
USDA_234,2017,Jun,Soybean,rotated,Low_N,Bulk Soil,2,2,886,18,2.756710716,,,,,,,,,,,,,,,,,,
USDA_235,2017,Jun,Soybean,rotated,Std_N,Bulk Soil,2,1,1109,22,3.004494993,,,,,,,,,,,,,,,,,,
USDA_236,2017,Jun,Soybean,rotated,Std_N,Bulk Soil,2,2,3285,110,4.401586372,,,,,,,,,,,,,,,,,,
USDA_237,2017,Jun,Soybean,continuous,Low_N,Bulk Soil,2,1,2400,49,3.765653849,,,,,,,,,,,,,,,,,,
USDA_238,2017,Jun,Soybean,continuous,Low_N,Bulk Soil,2,2,4066,108,4.504110657,,,,,,,,,,,,,,,,,,
USDA_239,2017,Jun,Soybean,continuous,Std_N,Bulk Soil,2,1,4297,121,4.550326245,,,,,,,,,,,,,,,,,,
USDA_240,2017,Jun,Soybean,continuous,Std_N,Bulk Soil,2,2,1639,43,3.607686238,,,,,,,,,,,,,,,,,,
USDA_241,2017,Aug,Soybean,rotated,Low_N,Endosphere,1,1,15202,49,3.66706183,,,,,,,,,,,,,,,,,,
USDA_242,2017,Aug,Soybean,rotated,Low_N,Endosphere,1,2,6834,36,3.566329378,,,,,,,,,,,,,,,,,,
USDA_243,2017,Aug,Soybean,rotated,Std_N,Endosphere,1,1,1942,39,3.630099611,,,,,,,,,,,,,,,,,,
USDA_244,2017,Aug,Soybean,rotated,Std_N,Endosphere,1,2,568,18,2.783871991,,,,,,,,,,,,,,,,,,
USDA_245,2017,Aug,Soybean,continuous,Low_N,Endosphere,1,1,1596,44,3.740535996,,,,,,,,,,,,,,,,,,
USDA_246,2017,Aug,Soybean,continuous,Low_N,Endosphere,1,2,1031,14,2.469148639,,,,,,,,,,,,,,,,,,
USDA_247,2017,Aug,Soybean,continuous,Std_N,Endosphere,1,1,21074,149,4.731040933,,,,,,,,,,,,,,,,,,
USDA_248,2017,Aug,Soybean,continuous,Std_N,Endosphere,1,2,841,30,3.346779208,,,,,,,,,,,,,,,,,,
USDA_249,2017,Aug,Corn,rotated,Low_N,Endosphere,1,1,2800,76,4.176661013,,,,,,,,,,,,,,,,,,
USDA_250,2017,Aug,Corn,rotated,Low_N,Endosphere,1,2,818,24,3.077553283,,,,,,,,,,,,,,,,,,
USDA_251,2017,Aug,Corn,rotated,Std_N,Endosphere,1,1,1361,49,3.764062032,,,,,,,,,,,,,,,,,,
USDA_252,2017,Aug,Corn,rotated,Std_N,Endosphere,1,2,2474,81,4.309171379,,,,,,,,,,,,,,,,,,
USDA_257,2017,Aug,Corn,continuous,Low_N,Endosphere,1,1,681,22,2.925996863,,,,,,,,,,,,,,,,,,
USDA_258,2017,Aug,Corn,continuous,Low_N,Endosphere,1,2,6068,110,4.537649458,,,,,,,,,,,,,,,,,,
USDA_259,2017,Aug,Corn,continuous,Std_N,Endosphere,1,1,894,25,3.016943588,,,,,,,,,,,,,,,,,,
USDA_260,2017,Aug,Corn,continuous,Std_N,Endosphere,1,2,406,12,2.463335359,,,,,,,,,,,,,,,,,,
USDA_261,2017,Aug,Corn,rotated,Low_N,Endosphere,2,1,574,19,2.789421824,,,,,,,,,,,,,,,,,,
USDA_262,2017,Aug,Corn,rotated,Low_N,Endosphere,2,2,188,8,1.946387774,,,,,,,,,,,,,,,,,,
USDA_263,2017,Aug,Corn,rotated,Std_N,Endosphere,2,1,532,17,2.686895234,,,,,,,,,,,,,,,,,,
USDA_264,2017,Aug,Corn,rotated,Std_N,Endosphere,2,2,909,30,3.261152754,,,,,,,,,,,,,,,,,,
USDA_269,2017,Aug,Corn,continuous,Low_N,Endosphere,2,1,88,4,1.232184036,,,,,,,,,,,,,,,,,,
USDA_270,2017,Aug,Corn,continuous,Low_N,Endosphere,2,2,692,22,2.951647653,,,,,,,,,,,,,,,,,,
USDA_271,2017,Aug,Corn,continuous,Std_N,Endosphere,2,1,4932,115,4.640472422,,,,,,,,,,,,,,,,,,
USDA_272,2017,Aug,Corn,continuous,Std_N,Endosphere,2,2,2283,75,4.200591342,,,,,,,,,,,,,,,,,,
USDA_273,2017,Aug,Soybean,rotated,Low_N,Endosphere,2,1,21739,61,3.701445834,,,,,,,,,,,,,,,,,,
USDA_274,2017,Aug,Soybean,rotated,Low_N,Endosphere,2,2,4328,47,3.754253109,,,,,,,,,,,,,,,,,,
USDA_275,2017,Aug,Soybean,rotated,Std_N,Endosphere,2,1,1725,53,3.879603226,,,,,,,,,,,,,,,,,,
USDA_276,2017,Aug,Soybean,rotated,Std_N,Endosphere,2,2,1331,37,3.559271694,,,,,,,,,,,,,,,,,,
USDA_277,2017,Aug,Soybean,continuous,Low_N,Endosphere,2,1,692,32,3.41009067,,,,,,,,,,,,,,,,,,
USDA_278,2017,Aug,Soybean,continuous,Low_N,Endosphere,2,2,32963,45,3.610529442,,,,,,,,,,,,,,,,,,
USDA_279,2017,Aug,Soybean,continuous,Std_N,Endosphere,2,1,1405,42,3.652218282,,,,,,,,,,,,,,,,,,
USDA_280,2017,Aug,Soybean,continuous,Std_N,Endosphere,2,2,282,13,2.37773167,,,,,,,,,,,,,,,,,,
USDA_281,2017,Aug,Soybean,rotated,Low_N,Rhizosphere,1,1,21385,296,5.168653831,,,,,,,,,,,,,,,,,,
USDA_282,2017,Aug,Soybean,rotated,Low_N,Rhizosphere,1,2,13188,218,5.056520225,,,,,,,,,,,,,,,,,,
USDA_283,2017,Aug,Soybean,rotated,Std_N,Rhizosphere,1,1,16523,234,5.041790911,,,,,,,,,,,,,,,,,,
USDA_284,2017,Aug,Soybean,rotated,Std_N,Rhizosphere,1,2,11277,249,5.350767818,,,,,,,,,,,,,,,,,,
USDA_285,2017,Aug,Soybean,continuous,Low_N,Rhizosphere,1,1,13165,220,5.195488399,,,,,,,,,,,,,,,,,,
USDA_286,2017,Aug,Soybean,continuous,Low_N,Rhizosphere,1,2,14303,208,5.018506203,,,,,,,,,,,,,,,,,,
USDA_287,2017,Aug,Soybean,continuous,Std_N,Rhizosphere,1,1,10747,223,5.20831342,,,,,,,,,,,,,,,,,,
USDA_288,2017,Aug,Soybean,continuous,Std_N,Rhizosphere,1,2,9850,246,5.352641394,,,,,,,,,,,,,,,,,,
USDA_289,2017,Aug,Corn,rotated,Low_N,Rhizosphere,1,1,8725,206,5.130258066,,,,,,,,,,,,,,,,,,
USDA_290,2017,Aug,Corn,rotated,Low_N,Rhizosphere,1,2,15741,227,5.009960393,,,,,,,,,,,,,,,,,,
USDA_291,2017,Aug,Corn,rotated,Std_N,Rhizosphere,1,1,6721,180,4.998751008,,,,,,,,,,,,,,,,,,
USDA_292,2017,Aug,Corn,rotated,Std_N,Rhizosphere,1,2,8671,238,5.332251776,,,,,,,,,,,,,,,,,,
USDA_297,2017,Aug,Corn,continuous,Low_N,Rhizosphere,1,1,4786,127,4.754320838,,,,,,,,,,,,,,,,,,
USDA_298,2017,Aug,Corn,continuous,Low_N,Rhizosphere,1,2,38779,413,5.38056778,,,,,,,,,,,,,,,,,,
USDA_299,2017,Aug,Corn,continuous,Std_N,Rhizosphere,1,1,1416,36,3.471928728,,,,,,,,,,,,,,,,,,
USDA_300,2017,Aug,Corn,continuous,Std_N,Rhizosphere,1,2,3457,84,4.26624882,,,,,,,,,,,,,,,,,,
USDA_301,2017,Aug,Corn,rotated,Low_N,Rhizosphere,2,1,6823,163,4.968842494,,,,,,,,,,,,,,,,,,
USDA_302,2017,Aug,Corn,rotated,Low_N,Rhizosphere,2,2,8471,189,5.108173583,,,,,,,,,,,,,,,,,,
USDA_303,2017,Aug,Corn,rotated,Std_N,Rhizosphere,2,1,6251,162,4.952542265,,,,,,,,,,,,,,,,,,
USDA_304,2017,Aug,Corn,rotated,Std_N,Rhizosphere,2,2,6060,135,4.765639069,,,,,,,,,,,,,,,,,,
USDA_309,2017,Aug,Corn,continuous,Low_N,Rhizosphere,2,1,15625,302,5.522565491,,,,,,,,,,,,,,,,,,
USDA_310,2017,Aug,Corn,continuous,Low_N,Rhizosphere,2,2,12436,279,5.463256704,,,,,,,,,,,,,,,,,,
USDA_311,2017,Aug,Corn,continuous,Std_N,Rhizosphere,2,1,6332,175,5.029646769,,,,,,,,,,,,,,,,,,
USDA_312,2017,Aug,Corn,continuous,Std_N,Rhizosphere,2,2,5460,156,4.926289252,,,,,,,,,,,,,,,,,,
USDA_313,2017,Aug,Soybean,rotated,Low_N,Rhizosphere,2,1,20997,220,4.735187012,,,,,,,,,,,,,,,,,,
USDA_314,2017,Aug,Soybean,rotated,Low_N,Rhizosphere,2,2,22189,319,5.381937888,,,,,,,,,,,,,,,,,,
USDA_315,2017,Aug,Soybean,rotated,Std_N,Rhizosphere,2,1,21449,324,5.442710868,,,,,,,,,,,,,,,,,,
USDA_316,2017,Aug,Soybean,rotated,Std_N,Rhizosphere,2,2,17583,272,5.151202078,,,,,,,,,,,,,,,,,,
USDA_317,2017,Aug,Soybean,continuous,Low_N,Rhizosphere,2,1,20664,353,5.504707344,,,,,,,,,,,,,,,,,,
USDA_318,2017,Aug,Soybean,continuous,Low_N,Rhizosphere,2,2,36343,307,4.612895253,,,,,,,,,,,,,,,,,,
USDA_319,2017,Aug,Soybean,continuous,Std_N,Rhizosphere,2,1,32581,348,4.960394184,,,,,,,,,,,,,,,,,,
USDA_320,2017,Aug,Soybean,continuous,Std_N,Rhizosphere,2,2,28819,341,4.987809959,,,,,,,,,,,,,,,,,,
USDA_321,2017,Aug,Soybean,rotated,Low_N,Bulk Soil,1,1,5712,151,4.81503616,,,,,,,,,,,,,,,,,,
USDA_322,2017,Aug,Soybean,rotated,Low_N,Bulk Soil,1,2,5593,117,4.652648544,,,,,,,,,,,,,,,,,,
USDA_323,2017,Aug,Soybean,rotated,Std_N,Bulk Soil,1,1,7843,212,5.135063554,,,,,,,,,,,,,,,,,,
USDA_324,2017,Aug,Soybean,rotated,Std_N,Bulk Soil,1,2,8617,223,5.238900934,,,,,,,,,,,,,,,,,,
USDA_325,2017,Aug,Soybean,continuous,Low_N,Bulk Soil,1,1,10342,288,5.459015036,,,,,,,,,,,,,,,,,,
USDA_326,2017,Aug,Soybean,continuous,Low_N,Bulk Soil,1,2,9476,248,5.287019551,,,,,,,,,,,,,,,,,,
USDA_327,2017,Aug,Soybean,continuous,Std_N,Bulk Soil,1,1,10336,238,5.309838171,,,,,,,,,,,,,,,,,,
USDA_328,2017,Aug,Soybean,continuous,Std_N,Bulk Soil,1,2,8918,229,5.223147837,,,,,,,,,,,,,,,,,,
USDA_329,2017,Aug,Corn,rotated,Low_N,Bulk Soil,1,1,4940,127,4.654978396,,,,,,,,,,,,,,,,,,
USDA_330,2017,Aug,Corn,rotated,Low_N,Bulk Soil,1,2,3697,90,4.316396365,,,,,,,,,,,,,,,,,,
USDA_331,2017,Aug,Corn,rotated,Std_N,Bulk Soil,1,1,19812,172,4.303516019,,,,,,,,,,,,,,,,,,
USDA_332,2017,Aug,Corn,rotated,Std_N,Bulk Soil,1,2,18775,205,4.527152603,,,,,,,,,,,,,,,,,,
USDA_337,2017,Aug,Corn,continuous,Low_N,Bulk Soil,1,1,6542,137,4.805292792,,,,,,,,,,,,,,,,,,
USDA_338,2017,Aug,Corn,continuous,Low_N,Bulk Soil,1,2,9658,64,3.981629063,,,,,,,,,,,,,,,,,,
USDA_339,2017,Aug,Corn,continuous,Std_N,Bulk Soil,1,1,4061,84,4.354206984,,,,,,,,,,,,,,,,,,
USDA_340,2017,Aug,Corn,continuous,Std_N,Bulk Soil,1,2,1488,33,3.398750096,,,,,,,,,,,,,,,,,,
USDA_341,2017,Aug,Corn,rotated,Low_N,Bulk Soil,2,1,5686,169,4.971546374,,,,,,,,,,,,,,,,,,
USDA_342,2017,Aug,Corn,rotated,Low_N,Bulk Soil,2,2,6032,175,4.974161227,,,,,,,,,,,,,,,,,,
USDA_343,2017,Aug,Corn,rotated,Std_N,Bulk Soil,2,1,8192,151,4.781393907,,,,,,,,,,,,,,,,,,
USDA_344,2017,Aug,Corn,rotated,Std_N,Bulk Soil,2,2,5754,137,4.754004677,,,,,,,,,,,,,,,,,,
USDA_349,2017,Aug,Corn,continuous,Low_N,Bulk Soil,2,1,7280,204,5.116507439,,,,,,,,,,,,,,,,,,
USDA_350,2017,Aug,Corn,continuous,Low_N,Bulk Soil,2,2,5364,122,4.658523332,,,,,,,,,,,,,,,,,,
USDA_351,2017,Aug,Corn,continuous,Std_N,Bulk Soil,2,1,5464,137,4.774623306,,,,,,,,,,,,,,,,,,
USDA_352,2017,Aug,Corn,continuous,Std_N,Bulk Soil,2,2,8562,178,4.910867565,,,,,,,,,,,,,,,,,,
USDA_353,2017,Aug,Soybean,rotated,Low_N,Bulk Soil,2,1,4808,88,4.225112022,,,,,,,,,,,,,,,,,,
USDA_354,2017,Aug,Soybean,rotated,Low_N,Bulk Soil,2,2,7042,173,4.951058285,,,,,,,,,,,,,,,,,,
USDA_355,2017,Aug,Soybean,rotated,Std_N,Bulk Soil,2,1,5540,171,4.914354986,,,,,,,,,,,,,,,,,,
USDA_356,2017,Aug,Soybean,rotated,Std_N,Bulk Soil,2,2,5201,167,4.834360773,,,,,,,,,,,,,,,,,,
USDA_357,2017,Aug,Soybean,continuous,Low_N,Bulk Soil,2,1,12107,185,4.724637134,,,,,,,,,,,,,,,,,,
USDA_358,2017,Aug,Soybean,continuous,Low_N,Bulk Soil,2,2,1871,45,3.659170932,,,,,,,,,,,,,,,,,,
USDA_359,2017,Aug,Soybean,continuous,Std_N,Bulk Soil,2,1,5264,112,4.48699151,,,,,,,,,,,,,,,,,,
USDA_360,2017,Aug,Soybean,continuous,Std_N,Bulk Soil,2,2,14502,331,5.680325196,,,,,,,,,,,,,,,,,,
USDA_361,2017,Sep,Soybean,rotated,Low_N,Endosphere,1,1,3835,39,3.624258073,,,,,,,,,,,,,,,,,,
USDA_362,2017,Sep,Soybean,rotated,Low_N,Endosphere,1,2,57207,68,3.917993867,,,,,,,,,,,,,,,,,,
USDA_363,2017,Sep,Soybean,rotated,Std_N,Endosphere,1,1,591,24,2.989470955,,,,,,,,,,,,,,,,,,
USDA_364,2017,Sep,Soybean,rotated,Std_N,Endosphere,1,2,13202,42,3.598166014,,,,,,,,,,,,,,,,,,
USDA_365,2017,Sep,Soybean,continuous,Low_N,Endosphere,1,1,121,4,1.326588178,,,,,,,,,,,,,,,,,,
USDA_366,2017,Sep,Soybean,continuous,Low_N,Endosphere,1,2,4140,66,4.045566251,,,,,,,,,,,,,,,,,,
USDA_367,2017,Sep,Soybean,continuous,Std_N,Endosphere,1,1,10484,42,3.60890296,,,,,,,,,,,,,,,,,,
USDA_368,2017,Sep,Soybean,continuous,Std_N,Endosphere,1,2,5311,44,3.704392203,,,,,,,,,,,,,,,,,,
USDA_369,2017,Sep,Corn,rotated,Low_N,Endosphere,1,1,12349,251,5.252062809,,,,,,,,,,,,,,,,,,
USDA_370,2017,Sep,Corn,rotated,Low_N,Endosphere,1,2,12422,213,5.091896084,,,,,,,,,,,,,,,,,,
USDA_371,2017,Sep,Corn,rotated,Std_N,Endosphere,1,1,7235,240,5.390957432,,,,,,,,,,,,,,,,,,
USDA_372,2017,Sep,Corn,rotated,Std_N,Endosphere,1,2,6248,153,4.954849472,,,,,,,,,,,,,,,,,,
USDA_377,2017,Sep,Corn,continuous,Low_N,Endosphere,1,1,4824,110,4.619955684,,,,,,,,,,,,,,,,,,
USDA_378,2017,Sep,Corn,continuous,Low_N,Endosphere,1,2,37173,316,5.488659216,,,,,,,,,,,,,,,,,,
USDA_379,2017,Sep,Corn,continuous,Std_N,Endosphere,1,1,4974,96,4.454504234,,,,,,,,,,,,,,,,,,
USDA_380,2017,Sep,Corn,continuous,Std_N,Endosphere,1,2,12171,175,4.805104421,,,,,,,,,,,,,,,,,,
USDA_381,2017,Sep,Corn,rotated,Low_N,Endosphere,2,1,599,11,2.272247561,,,,,,,,,,,,,,,,,,
USDA_382,2017,Sep,Corn,rotated,Low_N,Endosphere,2,2,5539,125,4.730425454,,,,,,,,,,,,,,,,,,
USDA_383,2017,Sep,Corn,rotated,Std_N,Endosphere,2,1,8924,126,4.743875297,,,,,,,,,,,,,,,,,,
USDA_384,2017,Sep,Corn,rotated,Std_N,Endosphere,2,2,11083,294,5.567243556,,,,,,,,,,,,,,,,,,
USDA_389,2017,Sep,Corn,continuous,Low_N,Endosphere,2,1,1677,44,3.638168487,,,,,,,,,,,,,,,,,,
USDA_390,2017,Sep,Corn,continuous,Low_N,Endosphere,2,2,712,14,2.48345504,,,,,,,,,,,,,,,,,,
USDA_391,2017,Sep,Corn,continuous,Std_N,Endosphere,2,1,1024,38,3.257536347,,,,,,,,,,,,,,,,,,
USDA_392,2017,Sep,Corn,continuous,Std_N,Endosphere,2,2,5493,124,4.724416131,,,,,,,,,,,,,,,,,,
USDA_393,2017,Sep,Soybean,rotated,Low_N,Endosphere,2,1,16448,40,3.589745767,,,,,,,,,,,,,,,,,,
USDA_394,2017,Sep,Soybean,rotated,Low_N,Endosphere,2,2,26085,44,3.583882299,,,,,,,,,,,,,,,,,,
USDA_395,2017,Sep,Soybean,rotated,Std_N,Endosphere,2,1,2652,53,3.845811365,,,,,,,,,,,,,,,,,,
USDA_396,2017,Sep,Soybean,rotated,Std_N,Endosphere,2,2,29005,42,3.577720089,,,,,,,,,,,,,,,,,,
USDA_397,2017,Sep,Soybean,continuous,Low_N,Endosphere,2,1,325,8,1.866841056,,,,,,,,,,,,,,,,,,
USDA_398,2017,Sep,Soybean,continuous,Low_N,Endosphere,2,2,0,0,0,,,,,,,,,,,,,,,,,,
USDA_399,2017,Sep,Soybean,continuous,Std_N,Endosphere,2,1,3553,41,3.624380529,,,,,,,,,,,,,,,,,,
USDA_400,2017,Sep,Soybean,continuous,Std_N,Endosphere,2,2,354,4,1.362625765,,,,,,,,,,,,,,,,,,
USDA_401,2017,Sep,Soybean,rotated,Low_N,Rhizosphere,1,1,37567,384,5.09921044,,,,,,,,,,,,,,,,,,
USDA_402,2017,Sep,Soybean,rotated,Low_N,Rhizosphere,1,2,29125,437,5.463868649,,,,,,,,,,,,,,,,,,
USDA_403,2017,Sep,Soybean,rotated,Std_N,Rhizosphere,1,1,11259,157,4.856347391,,,,,,,,,,,,,,,,,,
USDA_404,2017,Sep,Soybean,rotated,Std_N,Rhizosphere,1,2,20336,284,5.118114869,,,,,,,,,,,,,,,,,,
USDA_405,2017,Sep,Soybean,continuous,Low_N,Rhizosphere,1,1,601,14,2.478792532,,,,,,,,,,,,,,,,,,
USDA_406,2017,Sep,Soybean,continuous,Low_N,Rhizosphere,1,2,2981,67,4.020744288,,,,,,,,,,,,,,,,,,
USDA_407,2017,Sep,Soybean,continuous,Std_N,Rhizosphere,1,1,21285,321,5.286297991,,,,,,,,,,,,,,,,,,
USDA_408,2017,Sep,Soybean,continuous,Std_N,Rhizosphere,1,2,19499,365,5.630832682,,,,,,,,,,,,,,,,,,
USDA_409,2017,Sep,Corn,rotated,Low_N,Rhizosphere,1,1,7084,129,4.712542525,,,,,,,,,,,,,,,,,,
USDA_410,2017,Sep,Corn,rotated,Low_N,Rhizosphere,1,2,14466,327,5.648450696,,,,,,,,,,,,,,,,,,
USDA_411,2017,Sep,Corn,rotated,Std_N,Rhizosphere,1,1,10669,208,5.184482693,,,,,,,,,,,,,,,,,,
USDA_412,2017,Sep,Corn,rotated,Std_N,Rhizosphere,1,2,10784,218,5.261122541,,,,,,,,,,,,,,,,,,
USDA_417,2017,Sep,Corn,continuous,Low_N,Rhizosphere,1,1,12814,282,5.473539378,,,,,,,,,,,,,,,,,,
USDA_418,2017,Sep,Corn,continuous,Low_N,Rhizosphere,1,2,21859,386,5.761305958,,,,,,,,,,,,,,,,,,
USDA_419,2017,Sep,Corn,continuous,Std_N,Rhizosphere,1,1,3985,124,4.593779543,,,,,,,,,,,,,,,,,,
USDA_420,2017,Sep,Corn,continuous,Std_N,Rhizosphere,1,2,5365,150,4.894606514,,,,,,,,,,,,,,,,,,
USDA_421,2017,Sep,Corn,rotated,Low_N,Rhizosphere,2,1,36342,518,5.714739903,,,,,,,,,,,,,,,,,,
USDA_422,2017,Sep,Corn,rotated,Low_N,Rhizosphere,2,2,35741,465,5.501124874,,,,,,,,,,,,,,,,,,
USDA_423,2017,Sep,Corn,rotated,Std_N,Rhizosphere,2,1,11436,271,5.52040256,,,,,,,,,,,,,,,,,,
USDA_424,2017,Sep,Corn,rotated,Std_N,Rhizosphere,2,2,13557,335,5.64385118,,,,,,,,,,,,,,,,,,
USDA_429,2017,Sep,Corn,continuous,Low_N,Rhizosphere,2,1,16602,431,5.885870406,,,,,,,,,,,,,,,,,,
USDA_430,2017,Sep,Corn,continuous,Low_N,Rhizosphere,2,2,2550,52,3.83498968,,,,,,,,,,,,,,,,,,
USDA_431,2017,Sep,Corn,continuous,Std_N,Rhizosphere,2,1,10236,247,5.38458699,,,,,,,,,,,,,,,,,,
USDA_432,2017,Sep,Corn,continuous,Std_N,Rhizosphere,2,2,15110,344,5.717345466,,,,,,,,,,,,,,,,,,
USDA_433,2017,Sep,Soybean,rotated,Low_N,Rhizosphere,2,1,9893,87,4.251356977,,,,,,,,,,,,,,,,,,
USDA_434,2017,Sep,Soybean,rotated,Low_N,Rhizosphere,2,2,14499,125,4.430239295,,,,,,,,,,,,,,,,,,
USDA_435,2017,Sep,Soybean,rotated,Std_N,Rhizosphere,2,1,27792,408,5.477023126,,,,,,,,,,,,,,,,,,
USDA_436,2017,Sep,Soybean,rotated,Std_N,Rhizosphere,2,2,23527,368,5.403361417,,,,,,,,,,,,,,,,,,
USDA_437,2017,Sep,Soybean,continuous,Low_N,Rhizosphere,2,1,24372,292,5.013944347,,,,,,,,,,,,,,,,,,
USDA_438,2017,Sep,Soybean,continuous,Low_N,Rhizosphere,2,2,15615,246,5.144387834,,,,,,,,,,,,,,,,,,
USDA_439,2017,Sep,Soybean,continuous,Std_N,Rhizosphere,2,1,13947,271,5.262461138,,,,,,,,,,,,,,,,,,
USDA_440,2017,Sep,Soybean,continuous,Std_N,Rhizosphere,2,2,22490,454,5.789580131,,,,,,,,,,,,,,,,,,
USDA_441,2017,Sep,Soybean,rotated,Low_N,Bulk Soil,1,1,1924,30,3.299453639,,,,,,,,,,,,,,,,,,
USDA_442,2017,Sep,Soybean,rotated,Low_N,Bulk Soil,1,2,2481,40,3.605798834,,,,,,,,,,,,,,,,,,
USDA_443,2017,Sep,Soybean,rotated,Std_N,Bulk Soil,1,1,6377,181,4.945373564,,,,,,,,,,,,,,,,,,
USDA_444,2017,Sep,Soybean,rotated,Std_N,Bulk Soil,1,2,9704,228,5.210720583,,,,,,,,,,,,,,,,,,
USDA_445,2017,Sep,Soybean,continuous,Low_N,Bulk Soil,1,1,9632,268,5.43354953,,,,,,,,,,,,,,,,,,
USDA_446,2017,Sep,Soybean,continuous,Low_N,Bulk Soil,1,2,15316,408,5.879392786,,,,,,,,,,,,,,,,,,
USDA_447,2017,Sep,Soybean,continuous,Std_N,Bulk Soil,1,1,14908,414,5.857694893,,,,,,,,,,,,,,,,,,
USDA_448,2017,Sep,Soybean,continuous,Std_N,Bulk Soil,1,2,7527,222,5.217913294,,,,,,,,,,,,,,,,,,
USDA_449,2017,Sep,Corn,rotated,Low_N,Bulk Soil,1,1,2074,36,3.38840202,,,,,,,,,,,,,,,,,,
USDA_450,2017,Sep,Corn,rotated,Low_N,Bulk Soil,1,2,2258,41,3.576187888,,,,,,,,,,,,,,,,,,
USDA_451,2017,Sep,Corn,rotated,Std_N,Bulk Soil,1,1,9881,264,5.355328098,,,,,,,,,,,,,,,,,,
USDA_452,2017,Sep,Corn,rotated,Std_N,Bulk Soil,1,2,5556,127,4.594624896,,,,,,,,,,,,,,,,,,
USDA_457,2017,Sep,Corn,continuous,Low_N,Bulk Soil,1,1,1035,15,2.643194673,,,,,,,,,,,,,,,,,,
USDA_458,2017,Sep,Corn,continuous,Low_N,Bulk Soil,1,2,2330,48,3.754214867,,,,,,,,,,,,,,,,,,
USDA_459,2017,Sep,Corn,continuous,Std_N,Bulk Soil,1,1,264,5,1.262297613,,,,,,,,,,,,,,,,,,
USDA_460,2017,Sep,Corn,continuous,Std_N,Bulk Soil,1,2,5779,112,4.567423474,,,,,,,,,,,,,,,,,,
USDA_461,2017,Sep,Corn,rotated,Low_N,Bulk Soil,2,1,3707,86,4.205326626,,,,,,,,,,,,,,,,,,
USDA_462,2017,Sep,Corn,rotated,Low_N,Bulk Soil,2,2,7988,182,5.029883259,,,,,,,,,,,,,,,,,,
USDA_463,2017,Sep,Corn,rotated,Std_N,Bulk Soil,2,1,6586,159,4.867647393,,,,,,,,,,,,,,,,,,
USDA_464,2017,Sep,Corn,rotated,Std_N,Bulk Soil,2,2,6922,165,4.921679093,,,,,,,,,,,,,,,,,,
USDA_469,2017,Sep,Corn,continuous,Low_N,Bulk Soil,2,1,4454,97,4.346682605,,,,,,,,,,,,,,,,,,
USDA_470,2017,Sep,Corn,continuous,Low_N,Bulk Soil,2,2,8134,204,5.021615222,,,,,,,,,,,,,,,,,,
USDA_471,2017,Sep,Corn,continuous,Std_N,Bulk Soil,2,1,4119,104,4.429723293,,,,,,,,,,,,,,,,,,
USDA_472,2017,Sep,Corn,continuous,Std_N,Bulk Soil,2,2,8972,247,5.376254168,,,,,,,,,,,,,,,,,,
USDA_473,2017,Sep,Soybean,rotated,Low_N,Bulk Soil,2,1,217,5,1.52147122,,,,,,,,,,,,,,,,,,
USDA_474,2017,Sep,Soybean,rotated,Low_N,Bulk Soil,2,2,3185,64,3.989587297,,,,,,,,,,,,,,,,,,
USDA_475,2017,Sep,Soybean,rotated,Std_N,Bulk Soil,2,1,6702,199,5.076771627,,,,,,,,,,,,,,,,,,
USDA_476,2017,Sep,Soybean,rotated,Std_N,Bulk Soil,2,2,8190,186,5.018975571,,,,,,,,,,,,,,,,,,
USDA_477,2017,Sep,Soybean,continuous,Low_N,Bulk Soil,2,1,3794,69,4.135306149,,,,,,,,,,,,,,,,,,
USDA_478,2017,Sep,Soybean,continuous,Low_N,Bulk Soil,2,2,2666,71,4.109186905,,,,,,,,,,,,,,,,,,
USDA_479,2017,Sep,Soybean,continuous,Std_N,Bulk Soil,2,1,2757,74,4.068148059,,,,,,,,,,,,,,,,,,
USDA_480,2017,Sep,Soybean,continuous,Std_N,Bulk Soil,2,2,2101,88,4.12649188,,,,,,,,,,,,,,,,,,
USDA_481,2018,Jun,Corn,rotated,Low_N,Endosphere,1,1,8816,197,5.053378662,,,,,,,,,,,,,,,,,,
USDA_482,2018,Jun,Corn,rotated,Low_N,Endosphere,1,2,378,12,2.288945971,,,,,,,,,,,,,,,,,,
USDA_483,2018,Jun,Corn,rotated,Std_N,Endosphere,1,1,1478,40,3.530990716,,,,,,,,,,,,,,,,,,
USDA_484,2018,Jun,Corn,rotated,Std_N,Endosphere,1,2,1803,66,4.024116685,,,,,,,,,,,,,,,,,,
USDA_485,2018,Jun,Soybean,continuous,Low_N,Endosphere,1,1,3672,41,3.652691304,,,,,,,,,,,,,,,,,,
USDA_486,2018,Jun,Soybean,continuous,Low_N,Endosphere,1,2,4188,88,4.429895047,,,,,,,,,,,,,,,,,,
USDA_487,2018,Jun,Soybean,continuous,Std_N,Endosphere,1,1,569,22,2.943701366,,,,,,,,,,,,,,,,,,
USDA_488,2018,Jun,Soybean,continuous,Std_N,Endosphere,1,2,199,7,1.840942132,,,,,,,,,,,,,,,,,,
USDA_489,2018,Jun,Soybean,rotated,Low_N,Endosphere,1,1,12,1,0,,,,,,,,,,,,,,,,,,
USDA_490,2018,Jun,Soybean,rotated,Low_N,Endosphere,1,2,7704,92,4.353803937,,,,,,,,,,,,,,,,,,
USDA_491,2018,Jun,Soybean,rotated,Std_N,Endosphere,1,1,18396,72,4.155858898,,,,,,,,,,,,,,,,,,
USDA_492,2018,Jun,Soybean,rotated,Std_N,Endosphere,1,2,1210,38,3.608999427,,,,,,,,,,,,,,,,,,
USDA_497,2018,Jun,Corn,continuous,Low_N,Endosphere,1,1,5613,89,4.222836349,,,,,,,,,,,,,,,,,,
USDA_498,2018,Jun,Corn,continuous,Low_N,Endosphere,1,2,1131,41,3.586198684,,,,,,,,,,,,,,,,,,
USDA_499,2018,Jun,Corn,continuous,Std_N,Endosphere,1,1,980,35,3.35415879,,,,,,,,,,,,,,,,,,
USDA_500,2018,Jun,Corn,continuous,Std_N,Endosphere,1,2,6071,123,4.623650139,,,,,,,,,,,,,,,,,,
USDA_501,2018,Jun,Soybean,rotated,Low_N,Endosphere,2,1,14707,42,3.62654654,,,,,,,,,,,,,,,,,,
USDA_502,2018,Jun,Soybean,rotated,Low_N,Endosphere,2,2,179,5,1.545515346,,,,,,,,,,,,,,,,,,
USDA_503,2018,Jun,Soybean,rotated,Std_N,Endosphere,2,1,7632,72,3.968738682,,,,,,,,,,,,,,,,,,
USDA_504,2018,Jun,Soybean,rotated,Std_N,Endosphere,2,2,7,1,0,,,,,,,,,,,,,,,,,,
USDA_509,2018,Jun,Corn,continuous,Low_N,Endosphere,2,1,3088,66,4.09573696,,,,,,,,,,,,,,,,,,
USDA_510,2018,Jun,Corn,continuous,Low_N,Endosphere,2,2,311,10,2.125323248,,,,,,,,,,,,,,,,,,
USDA_511,2018,Jun,Corn,continuous,Std_N,Endosphere,2,1,1919,80,4.1911119,,,,,,,,,,,,,,,,,,
USDA_512,2018,Jun,Corn,continuous,Std_N,Endosphere,2,2,1680,59,3.911645623,,,,,,,,,,,,,,,,,,
USDA_513,2018,Jun,Corn,rotated,Low_N,Endosphere,2,1,237,10,2.095723661,,,,,,,,,,,,,,,,,,
USDA_514,2018,Jun,Corn,rotated,Low_N,Endosphere,2,2,518,17,2.630116194,,,,,,,,,,,,,,,,,,
USDA_515,2018,Jun,Corn,rotated,Std_N,Endosphere,2,1,526,17,2.74654027,,,,,,,,,,,,,,,,,,
USDA_516,2018,Jun,Corn,rotated,Std_N,Endosphere,2,2,191,5,1.56989216,,,,,,,,,,,,,,,,,,
USDA_517,2018,Jun,Soybean,continuous,Low_N,Endosphere,2,1,6180,46,3.675625164,,,,,,,,,,,,,,,,,,
USDA_518,2018,Jun,Soybean,continuous,Low_N,Endosphere,2,2,2575,37,3.572523026,,,,,,,,,,,,,,,,,,
USDA_519,2018,Jun,Soybean,continuous,Std_N,Endosphere,2,1,573,21,2.875968232,,,,,,,,,,,,,,,,,,
USDA_520,2018,Jun,Soybean,continuous,Std_N,Endosphere,2,2,16845,74,3.927300569,,,,,,,,,,,,,,,,,,
USDA_521,2018,Jun,Corn,rotated,Low_N,Rhizosphere,1,1,13678,450,5.947010894,,,,,,,,,,,,,,,,,,
USDA_522,2018,Jun,Corn,rotated,Low_N,Rhizosphere,1,2,12507,344,5.576832417,,,,,,,,,,,,,,,,,,
USDA_523,2018,Jun,Corn,rotated,Std_N,Rhizosphere,1,1,10674,270,5.417116817,,,,,,,,,,,,,,,,,,
USDA_524,2018,Jun,Corn,rotated,Std_N,Rhizosphere,1,2,8136,270,5.381678933,,,,,,,,,,,,,,,,,,
USDA_525,2018,Jun,Soybean,continuous,Low_N,Rhizosphere,1,1,19549,523,5.997255653,,,,,,,,,,,,,,,,,,
USDA_526,2018,Jun,Soybean,continuous,Low_N,Rhizosphere,1,2,22422,625,6.185791388,,,,,,,,,,,,,,,,,,
USDA_527,2018,Jun,Soybean,continuous,Std_N,Rhizosphere,1,1,22471,532,5.7225244,,,,,,,,,,,,,,,,,,
USDA_528,2018,Jun,Soybean,continuous,Std_N,Rhizosphere,1,2,20522,612,6.246942834,,,,,,,,,,,,,,,,,,
USDA_529,2018,Jun,Soybean,rotated,Low_N,Rhizosphere,1,1,16975,461,5.901058617,,,,,,,,,,,,,,,,,,
USDA_530,2018,Jun,Soybean,rotated,Low_N,Rhizosphere,1,2,3020,64,3.994532625,,,,,,,,,,,,,,,,,,
USDA_531,2018,Jun,Soybean,rotated,Std_N,Rhizosphere,1,1,15001,424,5.784581721,,,,,,,,,,,,,,,,,,
USDA_532,2018,Jun,Soybean,rotated,Std_N,Rhizosphere,1,2,10408,300,5.51171834,,,,,,,,,,,,,,,,,,
USDA_537,2018,Jun,Corn,continuous,Low_N,Rhizosphere,1,1,9464,290,5.494743121,,,,,,,,,,,,,,,,,,
USDA_538,2018,Jun,Corn,continuous,Low_N,Rhizosphere,1,2,11898,384,5.746472118,,,,,,,,,,,,,,,,,,
USDA_539,2018,Jun,Corn,continuous,Std_N,Rhizosphere,1,1,2600,80,4.243778009,,,,,,,,,,,,,,,,,,
USDA_540,2018,Jun,Corn,continuous,Std_N,Rhizosphere,1,2,8457,282,5.453219726,,,,,,,,,,,,,,,,,,
USDA_541,2018,Jun,Soybean,rotated,Low_N,Rhizosphere,2,1,19368,503,5.992074028,,,,,,,,,,,,,,,,,,
USDA_542,2018,Jun,Soybean,rotated,Low_N,Rhizosphere,2,2,22805,536,6.089174031,,,,,,,,,,,,,,,,,,
USDA_543,2018,Jun,Soybean,rotated,Std_N,Rhizosphere,2,1,27,2,0.572280699,,,,,,,,,,,,,,,,,,
USDA_544,2018,Jun,Soybean,rotated,Std_N,Rhizosphere,2,2,7224,182,5.039708859,,,,,,,,,,,,,,,,,,
USDA_549,2018,Jun,Corn,continuous,Low_N,Rhizosphere,2,1,8331,243,5.300370437,,,,,,,,,,,,,,,,,,
USDA_550,2018,Jun,Corn,continuous,Low_N,Rhizosphere,2,2,9288,297,5.462011351,,,,,,,,,,,,,,,,,,
USDA_551,2018,Jun,Corn,continuous,Std_N,Rhizosphere,2,1,5634,142,4.790940666,,,,,,,,,,,,,,,,,,
USDA_552,2018,Jun,Corn,continuous,Std_N,Rhizosphere,2,2,4067,100,4.428484146,,,,,,,,,,,,,,,,,,
USDA_553,2018,Jun,Corn,rotated,Low_N,Rhizosphere,2,1,9491,293,5.493702075,,,,,,,,,,,,,,,,,,
USDA_554,2018,Jun,Corn,rotated,Low_N,Rhizosphere,2,2,8580,288,5.443525799,,,,,,,,,,,,,,,,,,
USDA_555,2018,Jun,Corn,rotated,Std_N,Rhizosphere,2,1,9167,304,5.501187402,,,,,,,,,,,,,,,,,,
USDA_556,2018,Jun,Corn,rotated,Std_N,Rhizosphere,2,2,4981,182,4.971967228,,,,,,,,,,,,,,,,,,
USDA_557,2018,Jun,Soybean,continuous,Low_N,Rhizosphere,2,1,17336,445,5.907605812,,,,,,,,,,,,,,,,,,
USDA_558,2018,Jun,Soybean,continuous,Low_N,Rhizosphere,2,2,14110,372,5.779071621,,,,,,,,,,,,,,,,,,
USDA_559,2018,Jun,Soybean,continuous,Std_N,Rhizosphere,2,1,13366,408,5.875245682,,,,,,,,,,,,,,,,,,
USDA_560,2018,Jun,Soybean,continuous,Std_N,Rhizosphere,2,2,15729,507,6.044691969,,,,,,,,,,,,,,,,,,
USDA_561,2018,Jun,Corn,rotated,Low_N,Bulk Soil,1,1,6703,194,5.070482023,,,,,,,,,,,,,,,,,,
USDA_562,2018,Jun,Corn,rotated,Low_N,Bulk Soil,1,2,8009,245,5.29521179,,,,,,,,,,,,,,,,,,
USDA_563,2018,Jun,Corn,rotated,Std_N,Bulk Soil,1,1,8400,239,5.336483304,,,,,,,,,,,,,,,,,,
USDA_564,2018,Jun,Corn,rotated,Std_N,Bulk Soil,1,2,8319,256,5.394131711,,,,,,,,,,,,,,,,,,
USDA_565,2018,Jun,Soybean,continuous,Low_N,Bulk Soil,1,1,9972,320,5.567631659,,,,,,,,,,,,,,,,,,
USDA_566,2018,Jun,Soybean,continuous,Low_N,Bulk Soil,1,2,12257,327,5.646983183,,,,,,,,,,,,,,,,,,
USDA_567,2018,Jun,Soybean,continuous,Std_N,Bulk Soil,1,1,12245,337,5.630034882,,,,,,,,,,,,,,,,,,
USDA_568,2018,Jun,Soybean,continuous,Std_N,Bulk Soil,1,2,8997,175,4.717899099,,,,,,,,,,,,,,,,,,
USDA_569,2018,Jun,Soybean,rotated,Low_N,Bulk Soil,1,1,6765,207,5.06280798,,,,,,,,,,,,,,,,,,
USDA_570,2018,Jun,Soybean,rotated,Low_N,Bulk Soil,1,2,9234,299,5.500497583,,,,,,,,,,,,,,,,,,
USDA_571,2018,Jun,Soybean,rotated,Std_N,Bulk Soil,1,1,10379,308,5.543081844,,,,,,,,,,,,,,,,,,
USDA_572,2018,Jun,Soybean,rotated,Std_N,Bulk Soil,1,2,5419,204,5.08886075,,,,,,,,,,,,,,,,,,
USDA_577,2018,Jun,Corn,continuous,Low_N,Bulk Soil,1,1,8171,260,5.359214395,,,,,,,,,,,,,,,,,,
USDA_578,2018,Jun,Corn,continuous,Low_N,Bulk Soil,1,2,10423,299,5.506228567,,,,,,,,,,,,,,,,,,
USDA_579,2018,Jun,Corn,continuous,Std_N,Bulk Soil,1,1,2143,58,3.920991151,,,,,,,,,,,,,,,,,,
USDA_580,2018,Jun,Corn,continuous,Std_N,Bulk Soil,1,2,3569,97,4.38733588,,,,,,,,,,,,,,,,,,
USDA_581,2018,Jun,Soybean,rotated,Low_N,Bulk Soil,2,1,8337,276,5.385714049,,,,,,,,,,,,,,,,,,
USDA_582,2018,Jun,Soybean,rotated,Low_N,Bulk Soil,2,2,7645,279,5.44233804,,,,,,,,,,,,,,,,,,
USDA_583,2018,Jun,Soybean,rotated,Std_N,Bulk Soil,2,1,7348,255,5.358509915,,,,,,,,,,,,,,,,,,
USDA_584,2018,Jun,Soybean,rotated,Std_N,Bulk Soil,2,2,8669,267,5.427624365,,,,,,,,,,,,,,,,,,
USDA_589,2018,Jun,Corn,continuous,Low_N,Bulk Soil,2,1,5579,179,4.889192629,,,,,,,,,,,,,,,,,,
USDA_590,2018,Jun,Corn,continuous,Low_N,Bulk Soil,2,2,6460,228,5.238719104,,,,,,,,,,,,,,,,,,
USDA_591,2018,Jun,Corn,continuous,Std_N,Bulk Soil,2,1,4163,123,4.567099051,,,,,,,,,,,,,,,,,,
USDA_592,2018,Jun,Corn,continuous,Std_N,Bulk Soil,2,2,2402,59,3.906761262,,,,,,,,,,,,,,,,,,
USDA_593,2018,Jun,Corn,rotated,Low_N,Bulk Soil,2,1,11328,351,5.670263028,,,,,,,,,,,,,,,,,,
USDA_594,2018,Jun,Corn,rotated,Low_N,Bulk Soil,2,2,5762,136,4.74413866,,,,,,,,,,,,,,,,,,
USDA_595,2018,Jun,Corn,rotated,Std_N,Bulk Soil,2,1,9759,297,5.542627691,,,,,,,,,,,,,,,,,,
USDA_596,2018,Jun,Corn,rotated,Std_N,Bulk Soil,2,2,7460,261,5.366440562,,,,,,,,,,,,,,,,,,
USDA_597,2018,Jun,Soybean,continuous,Low_N,Bulk Soil,2,1,12192,348,5.695652283,,,,,,,,,,,,,,,,,,
USDA_598,2018,Jun,Soybean,continuous,Low_N,Bulk Soil,2,2,10455,313,5.594622014,,,,,,,,,,,,,,,,,,
USDA_599,2018,Jun,Soybean,continuous,Std_N,Bulk Soil,2,1,9488,274,5.462281766,,,,,,,,,,,,,,,,,,
USDA_600,2018,Jun,Soybean,continuous,Std_N,Bulk Soil,2,2,9354,292,5.534778297,,,,,,,,,,,,,,,,,,
USDA_601,2018,Aug,Corn,rotated,Low_N,Endosphere,1,1,9617,159,4.521810347,,,,,,,,,,,,,,,,,,
USDA_602,2018,Aug,Corn,rotated,Low_N,Endosphere,1,2,2667,86,4.295294408,,,,,,,,,,,,,,,,,,
USDA_603,2018,Aug,Corn,rotated,Std_N,Endosphere,1,1,2365,68,4.106919333,,,,,,,,,,,,,,,,,,
USDA_604,2018,Aug,Corn,rotated,Std_N,Endosphere,1,2,219,9,1.915870332,,,,,,,,,,,,,,,,,,
USDA_605,2018,Aug,Soybean,continuous,Low_N,Endosphere,1,1,148,5,1.553907914,,,,,,,,,,,,,,,,,,
USDA_606,2018,Aug,Soybean,continuous,Low_N,Endosphere,1,2,170,5,1.446004628,,,,,,,,,,,,,,,,,,
USDA_607,2018,Aug,Soybean,continuous,Std_N,Endosphere,1,1,42,2,0.548874384,,,,,,,,,,,,,,,,,,
USDA_608,2018,Aug,Soybean,continuous,Std_N,Endosphere,1,2,1204,45,3.6787978,,,,,,,,,,,,,,,,,,
USDA_609,2018,Aug,Soybean,rotated,Low_N,Endosphere,1,1,165,4,1.369407378,,,,,,,,,,,,,,,,,,
USDA_610,2018,Aug,Soybean,rotated,Low_N,Endosphere,1,2,4170,38,3.584256724,,,,,,,,,,,,,,,,,,
USDA_611,2018,Aug,Soybean,rotated,Std_N,Endosphere,1,1,45,2,0.673011667,,,,,,,,,,,,,,,,,,
USDA_612,2018,Aug,Soybean,rotated,Std_N,Endosphere,1,2,683,19,2.710381532,,,,,,,,,,,,,,,,,,
USDA_617,2018,Aug,Corn,continuous,Low_N,Endosphere,1,1,1205,67,3.941180833,,,,,,,,,,,,,,,,,,
USDA_618,2018,Aug,Corn,continuous,Low_N,Endosphere,1,2,1066,26,3.174144152,,,,,,,,,,,,,,,,,,
USDA_619,2018,Aug,Corn,continuous,Std_N,Endosphere,1,1,28434,45,3.610512176,,,,,,,,,,,,,,,,,,
USDA_621,2018,Aug,Soybean,rotated,Low_N,Endosphere,2,1,13462,310,5.572140184,,,,,,,,,,,,,,,,,,
USDA_622,2018,Aug,Soybean,rotated,Low_N,Endosphere,2,2,23994,61,3.692983222,,,,,,,,,,,,,,,,,,
USDA_623,2018,Aug,Soybean,rotated,Std_N,Endosphere,2,1,12934,82,4.194635829,,,,,,,,,,,,,,,,,,
USDA_624,2018,Aug,Soybean,rotated,Std_N,Endosphere,2,2,3529,89,4.42171378,,,,,,,,,,,,,,,,,,
USDA_629,2018,Aug,Corn,continuous,Low_N,Endosphere,2,1,869,27,3.160574664,,,,,,,,,,,,,,,,,,
USDA_630,2018,Aug,Corn,continuous,Low_N,Endosphere,2,2,1287,40,3.526772822,,,,,,,,,,,,,,,,,,
USDA_631,2018,Aug,Corn,continuous,Std_N,Endosphere,2,1,3490,149,4.900674993,,,,,,,,,,,,,,,,,,
USDA_632,2018,Aug,Corn,continuous,Std_N,Endosphere,2,2,1453,50,3.773363348,,,,,,,,,,,,,,,,,,
USDA_633,2018,Aug,Corn,rotated,Low_N,Endosphere,2,1,1246,33,3.338182626,,,,,,,,,,,,,,,,,,
USDA_634,2018,Aug,Corn,rotated,Low_N,Endosphere,2,2,707,20,2.924633149,,,,,,,,,,,,,,,,,,
USDA_635,2018,Aug,Corn,rotated,Std_N,Endosphere,2,1,3270,75,4.224301178,,,,,,,,,,,,,,,,,,
USDA_636,2018,Aug,Corn,rotated,Std_N,Endosphere,2,2,380,10,2.201199028,,,,,,,,,,,,,,,,,,
USDA_637,2018,Aug,Soybean,continuous,Low_N,Endosphere,2,1,55,1,0,,,,,,,,,,,,,,,,,,
USDA_638,2018,Aug,Soybean,continuous,Low_N,Endosphere,2,2,83,4,1.281319908,,,,,,,,,,,,,,,,,,
USDA_639,2018,Aug,Soybean,continuous,Std_N,Endosphere,2,1,1269,36,3.543077485,,,,,,,,,,,,,,,,,,
USDA_640,2018,Aug,Soybean,continuous,Std_N,Endosphere,2,2,2051,39,3.61709377,,,,,,,,,,,,,,,,,,
USDA_641,2018,Aug,Corn,rotated,Low_N,Rhizosphere,1,1,7006,230,5.235806404,,,,,,,,,,,,,,,,,,
USDA_642,2018,Aug,Corn,rotated,Low_N,Rhizosphere,1,2,3669,110,4.498686298,,,,,,,,,,,,,,,,,,
USDA_643,2018,Aug,Corn,rotated,Std_N,Rhizosphere,1,1,4530,134,4.668353609,,,,,,,,,,,,,,,,,,
USDA_644,2018,Aug,Corn,rotated,Std_N,Rhizosphere,1,2,3174,95,4.341707857,,,,,,,,,,,,,,,,,,
USDA_645,2018,Aug,Soybean,continuous,Low_N,Rhizosphere,1,1,8706,316,5.581696973,,,,,,,,,,,,,,,,,,
USDA_646,2018,Aug,Soybean,continuous,Low_N,Rhizosphere,1,2,2169,70,4.014799323,,,,,,,,,,,,,,,,,,
USDA_647,2018,Aug,Soybean,continuous,Std_N,Rhizosphere,1,1,8113,290,5.492832108,,,,,,,,,,,,,,,,,,
USDA_648,2018,Aug,Soybean,continuous,Std_N,Rhizosphere,1,2,8744,312,5.554945567,,,,,,,,,,,,,,,,,,
USDA_649,2018,Aug,Soybean,rotated,Low_N,Rhizosphere,1,1,14539,397,5.745738264,,,,,,,,,,,,,,,,,,
USDA_650,2018,Aug,Soybean,rotated,Low_N,Rhizosphere,1,2,12828,410,5.842954454,,,,,,,,,,,,,,,,,,
USDA_651,2018,Aug,Soybean,rotated,Std_N,Rhizosphere,1,1,12205,347,5.718622044,,,,,,,,,,,,,,,,,,
USDA_652,2018,Aug,Soybean,rotated,Std_N,Rhizosphere,1,2,17426,429,5.870428886,,,,,,,,,,,,,,,,,,
USDA_657,2018,Aug,Corn,continuous,Low_N,Rhizosphere,1,1,25542,499,5.827821533,,,,,,,,,,,,,,,,,,
USDA_658,2018,Aug,Corn,continuous,Low_N,Rhizosphere,1,2,20878,410,5.744352714,,,,,,,,,,,,,,,,,,
USDA_659,2018,Aug,Corn,continuous,Std_N,Rhizosphere,1,1,14411,333,5.577588677,,,,,,,,,,,,,,,,,,
USDA_660,2018,Aug,Corn,continuous,Std_N,Rhizosphere,1,2,38769,313,5.367532927,,,,,,,,,,,,,,,,,,
USDA_661,2018,Aug,Soybean,rotated,Low_N,Rhizosphere,2,1,29516,610,6.140048026,,,,,,,,,,,,,,,,,,
USDA_662,2018,Aug,Soybean,rotated,Low_N,Rhizosphere,2,2,39746,640,5.986446766,,,,,,,,,,,,,,,,,,
USDA_663,2018,Aug,Soybean,rotated,Std_N,Rhizosphere,2,1,25478,621,6.16800874,,,,,,,,,,,,,,,,,,
USDA_664,2018,Aug,Soybean,rotated,Std_N,Rhizosphere,2,2,18972,439,5.851071691,,,,,,,,,,,,,,,,,,
USDA_669,2018,Aug,Corn,continuous,Low_N,Rhizosphere,2,1,27115,481,5.858954909,,,,,,,,,,,,,,,,,,
USDA_670,2018,Aug,Corn,continuous,Low_N,Rhizosphere,2,2,24280,557,6.057438623,,,,,,,,,,,,,,,,,,
USDA_671,2018,Aug,Corn,continuous,Std_N,Rhizosphere,2,1,20207,324,5.41739672,,,,,,,,,,,,,,,,,,
USDA_672,2018,Aug,Corn,continuous,Std_N,Rhizosphere,2,2,19038,365,5.503937243,,,,,,,,,,,,,,,,,,
USDA_673,2018,Aug,Corn,rotated,Low_N,Rhizosphere,2,1,26346,474,5.902262115,,,,,,,,,,,,,,,,,,
USDA_674,2018,Aug,Corn,rotated,Low_N,Rhizosphere,2,2,20406,457,5.962054362,,,,,,,,,,,,,,,,,,
USDA_675,2018,Aug,Corn,rotated,Std_N,Rhizosphere,2,1,18849,449,5.879570275,,,,,,,,,,,,,,,,,,
USDA_676,2018,Aug,Corn,rotated,Std_N,Rhizosphere,2,2,22625,477,5.883001258,,,,,,,,,,,,,,,,,,
USDA_677,2018,Aug,Soybean,continuous,Low_N,Rhizosphere,2,1,19215,368,5.710077128,,,,,,,,,,,,,,,,,,
USDA_678,2018,Aug,Soybean,continuous,Low_N,Rhizosphere,2,2,23673,555,6.025693284,,,,,,,,,,,,,,,,,,
USDA_679,2018,Aug,Soybean,continuous,Std_N,Rhizosphere,2,1,22070,535,6.017634108,,,,,,,,,,,,,,,,,,
USDA_680,2018,Aug,Soybean,continuous,Std_N,Rhizosphere,2,2,13530,357,5.703427461,,,,,,,,,,,,,,,,,,
USDA_681,2018,Aug,Corn,rotated,Low_N,Bulk Soil,1,1,5991,193,5.0959194,,,,,,,,,,,,,,,,,,
USDA_682,2018,Aug,Corn,rotated,Low_N,Bulk Soil,1,2,5302,188,5.064071326,,,,,,,,,,,,,,,,,,
USDA_683,2018,Aug,Corn,rotated,Std_N,Bulk Soil,1,1,6919,265,5.382771164,,,,,,,,,,,,,,,,,,
USDA_684,2018,Aug,Corn,rotated,Std_N,Bulk Soil,1,2,5317,200,5.03014227,,,,,,,,,,,,,,,,,,
USDA_685,2018,Aug,Soybean,continuous,Low_N,Bulk Soil,1,1,5564,226,5.247819629,,,,,,,,,,,,,,,,,,
USDA_686,2018,Aug,Soybean,continuous,Low_N,Bulk Soil,1,2,8357,251,5.397922456,,,,,,,,,,,,,,,,,,
USDA_687,2018,Aug,Soybean,continuous,Std_N,Bulk Soil,1,1,4792,143,4.826871369,,,,,,,,,,,,,,,,,,
USDA_688,2018,Aug,Soybean,continuous,Std_N,Bulk Soil,1,2,5940,186,5.124239799,,,,,,,,,,,,,,,,,,
USDA_689,2018,Aug,Soybean,rotated,Low_N,Bulk Soil,1,1,6333,220,5.22342585,,,,,,,,,,,,,,,,,,
USDA_690,2018,Aug,Soybean,rotated,Low_N,Bulk Soil,1,2,10951,348,5.687857655,,,,,,,,,,,,,,,,,,
USDA_691,2018,Aug,Soybean,rotated,Std_N,Bulk Soil,1,1,9806,302,5.539207328,,,,,,,,,,,,,,,,,,
USDA_692,2018,Aug,Soybean,rotated,Std_N,Bulk Soil,1,2,97,5,1.575753169,,,,,,,,,,,,,,,,,,
USDA_697,2018,Aug,Corn,continuous,Low_N,Bulk Soil,1,1,4432,134,4.70401339,,,,,,,,,,,,,,,,,,
USDA_698,2018,Aug,Corn,continuous,Low_N,Bulk Soil,1,2,7948,294,5.48345929,,,,,,,,,,,,,,,,,,
USDA_699,2018,Aug,Corn,continuous,Std_N,Bulk Soil,1,1,8951,301,5.560662765,,,,,,,,,,,,,,,,,,
USDA_700,2018,Aug,Corn,continuous,Std_N,Bulk Soil,1,2,6933,167,4.951968929,,,,,,,,,,,,,,,,,,
USDA_701,2018,Aug,Soybean,rotated,Low_N,Bulk Soil,2,1,7239,186,5.076301396,,,,,,,,,,,,,,,,,,
USDA_702,2018,Aug,Soybean,rotated,Low_N,Bulk Soil,2,2,10495,293,5.50069143,,,,,,,,,,,,,,,,,,
USDA_703,2018,Aug,Soybean,rotated,Std_N,Bulk Soil,2,1,12006,348,5.649125716,,,,,,,,,,,,,,,,,,
USDA_704,2018,Aug,Soybean,rotated,Std_N,Bulk Soil,2,2,2997,62,3.949240457,,,,,,,,,,,,,,,,,,
USDA_709,2018,Aug,Corn,continuous,Low_N,Bulk Soil,2,1,7983,301,5.518148125,,,,,,,,,,,,,,,,,,
USDA_710,2018,Aug,Corn,continuous,Low_N,Bulk Soil,2,2,16744,506,5.983956767,,,,,,,,,,,,,,,,,,
USDA_711,2018,Aug,Corn,continuous,Std_N,Bulk Soil,2,1,9220,259,5.358407872,,,,,,,,,,,,,,,,,,
USDA_712,2018,Aug,Corn,continuous,Std_N,Bulk Soil,2,2,7373,274,5.480130018,,,,,,,,,,,,,,,,,,
USDA_713,2018,Aug,Corn,rotated,Low_N,Bulk Soil,2,1,15597,428,5.753984044,,,,,,,,,,,,,,,,,,
USDA_714,2018,Aug,Corn,rotated,Low_N,Bulk Soil,2,2,14309,382,5.767157716,,,,,,,,,,,,,,,,,,
USDA_715,2018,Aug,Corn,rotated,Std_N,Bulk Soil,2,1,7595,259,5.379265525,,,,,,,,,,,,,,,,,,
USDA_716,2018,Aug,Corn,rotated,Std_N,Bulk Soil,2,2,16718,479,5.902779424,,,,,,,,,,,,,,,,,,
USDA_717,2018,Aug,Soybean,continuous,Low_N,Bulk Soil,2,1,7165,247,5.377706864,,,,,,,,,,,,,,,,,,
USDA_718,2018,Aug,Soybean,continuous,Low_N,Bulk Soil,2,2,13238,396,5.776202769,,,,,,,,,,,,,,,,,,
USDA_719,2018,Aug,Soybean,continuous,Std_N,Bulk Soil,2,1,23064,551,6.037486489,,,,,,,,,,,,,,,,,,
USDA_720,2018,Aug,Soybean,continuous,Std_N,Bulk Soil,2,2,18441,494,5.999755233,,,,,,,,,,,,,,,,,,
USDA_721,2018,Sep,Corn,rotated,Low_N,Endosphere,1,1,16188,303,5.215980109,,,,,,,,,,,,,,,,,,
USDA_722,2018,Sep,Corn,rotated,Low_N,Endosphere,1,2,13882,346,5.656094249,,,,,,,,,,,,,,,,,,
USDA_723,2018,Sep,Corn,rotated,Std_N,Endosphere,1,1,22098,331,5.493930571,,,,,,,,,,,,,,,,,,
USDA_724,2018,Sep,Corn,rotated,Std_N,Endosphere,1,2,11838,322,5.565861397,,,,,,,,,,,,,,,,,,
USDA_725,2018,Sep,Soybean,continuous,Low_N,Endosphere,1,1,23550,104,4.363716271,,,,,,,,,,,,,,,,,,
USDA_726,2018,Sep,Soybean,continuous,Low_N,Endosphere,1,2,4252,95,4.361078394,,,,,,,,,,,,,,,,,,
USDA_727,2018,Sep,Soybean,continuous,Std_N,Endosphere,1,1,2759,74,4.213976562,,,,,,,,,,,,,,,,,,
USDA_728,2018,Sep,Soybean,continuous,Std_N,Endosphere,1,2,1274,45,3.681292881,,,,,,,,,,,,,,,,,,
USDA_729,2018,Sep,Soybean,rotated,Low_N,Endosphere,1,1,7031,201,5.133359315,,,,,,,,,,,,,,,,,,
USDA_730,2018,Sep,Soybean,rotated,Low_N,Endosphere,1,2,13963,47,3.641913505,,,,,,,,,,,,,,,,,,
USDA_731,2018,Sep,Soybean,rotated,Std_N,Endosphere,1,1,1872,72,4.182145988,,,,,,,,,,,,,,,,,,
USDA_732,2018,Sep,Soybean,rotated,Std_N,Endosphere,1,2,982,35,3.379163366,,,,,,,,,,,,,,,,,,
USDA_733,2018,Sep,Corn,continuous,Low_N,Endosphere,1,1,13952,302,5.48673249,,,,,,,,,,,,,,,,,,
USDA_734,2018,Sep,Corn,continuous,Low_N,Endosphere,1,2,17055,242,5.199834257,,,,,,,,,,,,,,,,,,
USDA_735,2018,Sep,Corn,continuous,Std_N,Endosphere,1,1,17908,216,5.037720063,,,,,,,,,,,,,,,,,,
USDA_736,2018,Sep,Corn,continuous,Std_N,Endosphere,1,2,20287,274,5.223089712,,,,,,,,,,,,,,,,,,
USDA_737,2018,Sep,Soybean,rotated,Low_N,Endosphere,2,1,5239,89,4.42196703,,,,,,,,,,,,,,,,,,
USDA_738,2018,Sep,Soybean,rotated,Low_N,Endosphere,2,2,8078,95,4.233288013,,,,,,,,,,,,,,,,,,
USDA_739,2018,Sep,Soybean,rotated,Std_N,Endosphere,2,1,1405,33,3.381649227,,,,,,,,,,,,,,,,,,
USDA_740,2018,Sep,Soybean,rotated,Std_N,Endosphere,2,2,15034,134,4.360161955,,,,,,,,,,,,,,,,,,
USDA_741,2018,Sep,Corn,continuous,Low_N,Endosphere,2,1,5828,186,5.037694383,,,,,,,,,,,,,,,,,,
USDA_742,2018,Sep,Corn,continuous,Low_N,Endosphere,2,2,10490,204,4.993846218,,,,,,,,,,,,,,,,,,
USDA_743,2018,Sep,Corn,continuous,Std_N,Endosphere,2,1,9132,222,5.168511368,,,,,,,,,,,,,,,,,,
USDA_744,2018,Sep,Corn,continuous,Std_N,Endosphere,2,2,17621,239,5.276837844,,,,,,,,,,,,,,,,,,
USDA_745,2018,Sep,Corn,rotated,Low_N,Endosphere,2,1,4867,203,5.127840783,,,,,,,,,,,,,,,,,,
USDA_746,2018,Sep,Corn,rotated,Low_N,Endosphere,2,2,2121,72,4.179939497,,,,,,,,,,,,,,,,,,
USDA_747,2018,Sep,Corn,rotated,Std_N,Endosphere,2,1,6318,121,4.320132838,,,,,,,,,,,,,,,,,,
USDA_748,2018,Sep,Corn,rotated,Std_N,Endosphere,2,2,8234,230,5.248134127,,,,,,,,,,,,,,,,,,
USDA_749,2018,Sep,Soybean,continuous,Low_N,Endosphere,2,1,709,37,3.507707397,,,,,,,,,,,,,,,,,,
USDA_750,2018,Sep,Soybean,continuous,Low_N,Endosphere,2,2,1341,32,3.431177211,,,,,,,,,,,,,,,,,,
USDA_751,2018,Sep,Soybean,continuous,Std_N,Endosphere,2,1,161,3,1.062259875,,,,,,,,,,,,,,,,,,
USDA_752,2018,Sep,Soybean,continuous,Std_N,Endosphere,2,2,550,23,2.884984103,,,,,,,,,,,,,,,,,,
USDA_753,2018,Sep,Corn,rotated,Low_N,Rhizosphere,1,1,19121,442,5.900707319,,,,,,,,,,,,,,,,,,
USDA_754,2018,Sep,Corn,rotated,Low_N,Rhizosphere,1,2,11250,333,5.587729363,,,,,,,,,,,,,,,,,,
USDA_755,2018,Sep,Corn,rotated,Std_N,Rhizosphere,1,1,15791,251,5.16337765,,,,,,,,,,,,,,,,,,
USDA_756,2018,Sep,Corn,rotated,Std_N,Rhizosphere,1,2,10916,244,5.171742482,,,,,,,,,,,,,,,,,,
USDA_757,2018,Sep,Soybean,continuous,Low_N,Rhizosphere,1,1,24261,314,5.543625333,,,,,,,,,,,,,,,,,,
USDA_758,2018,Sep,Soybean,continuous,Low_N,Rhizosphere,1,2,3626,130,4.716418936,,,,,,,,,,,,,,,,,,
USDA_759,2018,Sep,Soybean,continuous,Std_N,Rhizosphere,1,1,21630,385,5.587326398,,,,,,,,,,,,,,,,,,
USDA_760,2018,Sep,Soybean,continuous,Std_N,Rhizosphere,1,2,23648,342,5.404766822,,,,,,,,,,,,,,,,,,
USDA_761,2018,Sep,Soybean,rotated,Low_N,Rhizosphere,1,1,35359,486,5.821841034,,,,,,,,,,,,,,,,,,
USDA_762,2018,Sep,Soybean,rotated,Low_N,Rhizosphere,1,2,41308,490,5.752615505,,,,,,,,,,,,,,,,,,
USDA_763,2018,Sep,Soybean,rotated,Std_N,Rhizosphere,1,1,35305,349,5.532937672,,,,,,,,,,,,,,,,,,
USDA_764,2018,Sep,Soybean,rotated,Std_N,Rhizosphere,1,2,49773,433,5.527032045,,,,,,,,,,,,,,,,,,
USDA_765,2018,Sep,Corn,continuous,Low_N,Rhizosphere,1,1,5339,128,4.682674332,,,,,,,,,,,,,,,,,,
USDA_766,2018,Sep,Corn,continuous,Low_N,Rhizosphere,1,2,32737,579,6.108265962,,,,,,,,,,,,,,,,,,
USDA_767,2018,Sep,Corn,continuous,Std_N,Rhizosphere,1,1,21356,234,5.025280895,,,,,,,,,,,,,,,,,,
USDA_768,2018,Sep,Corn,continuous,Std_N,Rhizosphere,1,2,17235,224,4.983803353,,,,,,,,,,,,,,,,,,
USDA_769,2018,Sep,Soybean,rotated,Low_N,Rhizosphere,2,1,49595,468,5.774209702,,,,,,,,,,,,,,,,,,
USDA_770,2018,Sep,Soybean,rotated,Low_N,Rhizosphere,2,2,48467,499,5.653502629,,,,,,,,,,,,,,,,,,
USDA_771,2018,Sep,Soybean,rotated,Std_N,Rhizosphere,2,1,41740,435,5.421204982,,,,,,,,,,,,,,,,,,
USDA_772,2018,Sep,Soybean,rotated,Std_N,Rhizosphere,2,2,56447,490,5.529516466,,,,,,,,,,,,,,,,,,
USDA_773,2018,Sep,Corn,continuous,Low_N,Rhizosphere,2,1,43965,668,6.00463628,,,,,,,,,,,,,,,,,,
USDA_774,2018,Sep,Corn,continuous,Low_N,Rhizosphere,2,2,37041,646,6.05605999,,,,,,,,,,,,,,,,,,
USDA_775,2018,Sep,Corn,continuous,Std_N,Rhizosphere,2,1,34767,402,5.424950806,,,,,,,,,,,,,,,,,,
USDA_776,2018,Sep,Corn,continuous,Std_N,Rhizosphere,2,2,33350,529,5.826159193,,,,,,,,,,,,,,,,,,
USDA_777,2018,Sep,Corn,rotated,Low_N,Rhizosphere,2,1,26424,540,6.058288127,,,,,,,,,,,,,,,,,,
USDA_778,2018,Sep,Corn,rotated,Low_N,Rhizosphere,2,2,25568,575,6.166638926,,,,,,,,,,,,,,,,,,
USDA_779,2018,Sep,Corn,rotated,Std_N,Rhizosphere,2,1,30919,427,5.520391953,,,,,,,,,,,,,,,,,,
USDA_780,2018,Sep,Corn,rotated,Std_N,Rhizosphere,2,2,18805,347,5.495730925,,,,,,,,,,,,,,,,,,
USDA_781,2018,Sep,Soybean,continuous,Low_N,Rhizosphere,2,1,67604,478,5.672389689,,,,,,,,,,,,,,,,,,
USDA_782,2018,Sep,Soybean,continuous,Low_N,Rhizosphere,2,2,55856,522,5.672921467,,,,,,,,,,,,,,,,,,
USDA_783,2018,Sep,Soybean,continuous,Std_N,Rhizosphere,2,1,40208,442,5.625935289,,,,,,,,,,,,,,,,,,
USDA_784,2018,Sep,Soybean,continuous,Std_N,Rhizosphere,2,2,71725,426,5.576808153,,,,,,,,,,,,,,,,,,
USDA_785,2018,Sep,Corn,rotated,Low_N,Bulk Soil,1,1,22947,478,5.804314681,,,,,,,,,,,,,,,,,,
USDA_786,2018,Sep,Corn,rotated,Low_N,Bulk Soil,1,2,30131,484,5.529751099,,,,,,,,,,,,,,,,,,
USDA_787,2018,Sep,Corn,rotated,Std_N,Bulk Soil,1,1,20349,495,5.965933419,,,,,,,,,,,,,,,,,,
USDA_788,2018,Sep,Corn,rotated,Std_N,Bulk Soil,1,2,16994,383,5.778170312,,,,,,,,,,,,,,,,,,
USDA_789,2018,Sep,Soybean,continuous,Low_N,Bulk Soil,1,1,19781,433,5.825068646,,,,,,,,,,,,,,,,,,
USDA_790,2018,Sep,Soybean,continuous,Low_N,Bulk Soil,1,2,15658,465,5.935296477,,,,,,,,,,,,,,,,,,
USDA_791,2018,Sep,Soybean,continuous,Std_N,Bulk Soil,1,1,19112,537,6.116557523,,,,,,,,,,,,,,,,,,
USDA_792,2018,Sep,Soybean,continuous,Std_N,Bulk Soil,1,2,12142,417,5.861909062,,,,,,,,,,,,,,,,,,
USDA_793,2018,Sep,Soybean,rotated,Low_N,Bulk Soil,1,1,16945,445,5.919755405,,,,,,,,,,,,,,,,,,
USDA_794,2018,Sep,Soybean,rotated,Low_N,Bulk Soil,1,2,20148,491,5.901096592,,,,,,,,,,,,,,,,,,
USDA_795,2018,Sep,Soybean,rotated,Std_N,Bulk Soil,1,1,11827,369,5.705795039,,,,,,,,,,,,,,,,,,
USDA_796,2018,Sep,Soybean,rotated,Std_N,Bulk Soil,1,2,21278,433,5.795769859,,,,,,,,,,,,,,,,,,
USDA_797,2018,Sep,Corn,continuous,Low_N,Bulk Soil,1,1,3300,119,4.574814161,,,,,,,,,,,,,,,,,,
USDA_798,2018,Sep,Corn,continuous,Low_N,Bulk Soil,1,2,8202,247,5.350160726,,,,,,,,,,,,,,,,,,
USDA_799,2018,Sep,Corn,continuous,Std_N,Bulk Soil,1,1,7412,163,4.886406439,,,,,,,,,,,,,,,,,,
USDA_800,2018,Sep,Corn,continuous,Std_N,Bulk Soil,1,2,2099,78,4.215900224,,,,,,,,,,,,,,,,,,
USDA_801,2018,Sep,Soybean,rotated,Low_N,Bulk Soil,2,1,3430,90,4.380815533,,,,,,,,,,,,,,,,,,
USDA_802,2018,Sep,Soybean,rotated,Low_N,Bulk Soil,2,2,3306,133,4.72593881,,,,,,,,,,,,,,,,,,
USDA_803,2018,Sep,Soybean,rotated,Std_N,Bulk Soil,2,1,6836,240,5.297343239,,,,,,,,,,,,,,,,,,
USDA_804,2018,Sep,Soybean,rotated,Std_N,Bulk Soil,2,2,11,1,0,,,,,,,,,,,,,,,,,,
USDA_805,2018,Sep,Corn,continuous,Low_N,Bulk Soil,2,1,7818,279,5.48923336,,,,,,,,,,,,,,,,,,
USDA_806,2018,Sep,Corn,continuous,Low_N,Bulk Soil,2,2,7767,248,5.392438051,,,,,,,,,,,,,,,,,,
USDA_807,2018,Sep,Corn,continuous,Std_N,Bulk Soil,2,1,7385,256,5.423051809,,,,,,,,,,,,,,,,,,
USDA_808,2018,Sep,Corn,continuous,Std_N,Bulk Soil,2,2,4264,156,4.791100297,,,,,,,,,,,,,,,,,,
USDA_809,2018,Sep,Corn,rotated,Low_N,Bulk Soil,2,1,2541,65,4.058941246,,,,,,,,,,,,,,,,,,
USDA_810,2018,Sep,Corn,rotated,Low_N,Bulk Soil,2,2,8239,319,5.619446314,,,,,,,,,,,,,,,,,,
USDA_811,2018,Sep,Corn,rotated,Std_N,Bulk Soil,2,1,9329,310,5.485216005,,,,,,,,,,,,,,,,,,
USDA_812,2018,Sep,Corn,rotated,Std_N,Bulk Soil,2,2,13365,323,5.505778476,,,,,,,,,,,,,,,,,,
USDA_813,2018,Sep,Soybean,continuous,Low_N,Bulk Soil,2,1,6179,154,4.877829481,,,,,,,,,,,,,,,,,,
USDA_814,2018,Sep,Soybean,continuous,Low_N,Bulk Soil,2,2,8449,281,5.512685492,,,,,,,,,,,,,,,,,,
USDA_815,2018,Sep,Soybean,continuous,Std_N,Bulk Soil,2,1,6547,237,5.276216144,,,,,,,,,,,,,,,,,,
USDA_816,2018,Sep,Soybean,continuous,Std_N,Bulk Soil,2,2,6107,141,4.792768398,,,,,,,,,,,,,,,,,,